Include,,Category,Name,Link,Summary,StandardStatus,IEStatus,IEPrefixed,IEUnprefixed,MSDN,WebPlatDocs,Demo,ID
TRUE,,User input,<datalist> Element,http://www.w3.org/html/wg/drafts/html/master/forms.html#the-list-attribute,Shows a list of pre-defined options to suggest to the user when entering an input element.,Established standard,Shipped,,10,,,,@6090950820495360
TRUE,Travis,Misc,<details>/<summary>,http://www.w3.org/html/wg/drafts/html/master/interactive-elements.html#the-details-element,Interactive widget to show/hide content.,Established standard,Researching,,,,,,@5348024557502464
TRUE,,Misc,<img srcset>,http://www.w3.org/html/wg/drafts/srcset/w3c-srcset/,Enable a responsive images solution by providing the browser multiple resources in varying resolutions for a single image.,Working draft or equivalent,Researching,,,,,,@4644337115725824
TRUE,,Misc,<picture> Element,http://picture.responsiveimages.org/,Enable a responsive images solution by declaring multiple resources for an image using CSS media queries.,Working draft or equivalent,Researching,,,,,,@5910974510923776
TRUE,,Web Components,<template> Element,http://www.w3.org/html/wg/drafts/html/master/scripting-1.html#the-template-element,HTML template element to allow creating fragment of inert HTML as a prototype for stamping out DOM.,Established standard,Researching,,,,,,@5207287069147136
TRUE,Travis,File APIs,a[download] attribute,http://www.w3.org/html/wg/drafts/html/master/links.html#attr-hyperlink-download,"When used on an <a>, this attribute signifies that the resource it points to should be downloaded by the browser rather than navigating to it.",Established standard,Researching,,,,,,@6473924464345088
FALSE,,Graphics,Animated WebP,https://developers.google.com/speed/webp/docs/riff_container,Support for animated WebP images,,Not currently planned,,,,,,@4785074604081152
TRUE,,Network / Connectivity,Application Cache,http://www.w3.org/html/wg/drafts/html/master/browsers.html#offline,Enables web pages to work without the user being connected to the internet,Established standard,Shipped,,10,,,,@6192449487634432
TRUE,,Multimedia,Audio and video tracks,http://www.w3.org/html/wg/drafts/html/CR/,"Adds the ability to get information about multiple audio and video tracks, and switch between them using the AudioTrack.enabled and VideoTrack.selected attributes.",Working draft or equivalent,Shipped,,10,http://msdn.microsoft.com/en-us/library/ie/hh772592,,,@5748496434987008
TRUE,,CSS,Blending of background images,http://www.w3.org/TR/compositing-1/#background-blend-mode,Offers more ways to blend between background images and background color.,Established standard,Researching,,,,,,@5768037999312896
TRUE,,File APIs,Blob,http://dev.w3.org/2006/webapi/FileAPI/#dfn-Blob,"Allows you to construct Blobs directly (var blob = new Blob([""1234""], {type: 'text/plain'})). Blob() constructor also can take ArrayBufferView directly rather than constructing a blob with ArrayBuffer.",Established standard,Shipped,,10,,,,@5328783104016384
TRUE,,JavaScript,"Block bindings (let, const, function)",http://wiki.ecmascript.org/doku.php?id=harmony:specification_drafts,Allows developers to explicitly qualify access to variables within a block.,Editor's draft,Shipped,,11,http://msdn.microsoft.com/en-us/library/ie/dn263046,,,@5891733057437696
TRUE,,Graphics,Canvas,http://www.w3.org/TR/2dcontext/,Provides an API to draw 2D graphics,Established standard,Shipped,,9,,,,@5100084685438976
FALSE,Jatinder,Graphics,"Canvas context ""alpha"" attribute",http://wiki.whatwg.org/wiki/CanvasOpaque,Allow the specification of a 2D canvas with an opaque backing store (alpha: false). Speeds up compositing. Enables LCD text anti-aliasing.,Public discussion,Researching,,,,,,@6454683010859008
FALSE,Jatinder,Graphics,Canvas focus ring,http://www.whatwg.org/specs/web-apps/current-work/multipage/the-canvas-element.html#dom-context-2d-drawsystemfocusring,Adds APIs to the canvas 2D context that make it possible to draw a focus ring around a canvas path and notify the operating system of the bounding box of the focused object for accessibility.,Editor's draft,Researching,,,,,,@6413769152397312
FALSE,Jatinder,Graphics,Canvas rendering from workers,http://www.whatwg.org/specs/web-apps/current-work/multipage/the-canvas-element.html#proxying-canvases-to-workers,Render a Canvas object (2D or WebGL) from a web worker.,Public discussion,Researching,,,,,,@5610258080727040
FALSE,Jatinder,Graphics,Compositing and Blending in Canvas 2D,http://dev.w3.org/fxtf/compositing-1/#canvascompositingandblending,The canvas 2d context has the globalCompositeOperation attribute that is used to set the current compositing and blending operator.,Working draft or equivalent,Researching,,,,,,@6119881720201216
TRUE,Hazen,Security,Content Security Policy,https://dvcs.w3.org/hg/content-security-policy/raw-file/tip/csp-specification.dev.html,"Allows you to create a whitelist of sources of trusted content, and instructs the browser to only execute or render resources from those sourcesA.",Established standard,Researching,,,,,,@5205088045891584
TRUE,,CSS,CSS calc(),http://www.w3.org/TR/css3-values,"Method of allowing calculated values for length units, i.e. width: calc(100% - 3em)",Established standard,Shipped,,9,http://msdn.microsoft.com/library/ms537660#calc,,,@5765241438732288
TRUE,,CSS,CSS Device Adaptation,http://dev.w3.org/csswg/css-device-adapt/,"The @viewport rule, in combination with media queries, enabled web developers to optimize the layout of sites and apps for different devices with minimal effort. It generalizes the viewport meta tag to CSS, while being much simpler to understand and without the quirks that exists with the meta tag.",Working draft or equivalent,Prefixed,10,,http://msdn.microsoft.com/en-us/library/ie/hh708740,,,@4737164243894272
TRUE,,User input,CSS touch-action,https://dvcs.w3.org/hg/pointerevents/raw-file/tip/pointerEvents.html#the-touch-action-css-property,New CSS property to enable websites to declaratively state how touches should be handled for purposes of scrolling and zooming.,Working draft or equivalent,Shipped,10,11,,,,@5912074022551552
FALSE,,CSS,CSS Variables,http://www.w3.org/TR/css-variables/,"Introduces cascading variables as a new primitive value type that is accepted by all CSS properties, and custom properties for defining them.",Working draft or equivalent,Researching,,,,,,@6401356696911872
TRUE,,CSS,CSS Will Change,http://tabatkins.github.io/specs/css-will-change/,"Adds a will-change CSS property, that can be used to signal that a particular property is likely to be changed in the future, or that an elementÃƒÆ’Ã‚Â¯Ãƒâ€šÃ‚Â¿Ãƒâ€šÃ‚Â½s content is likely to change.",Public Proposal,Researching,,,,,,@5954199330226176
TRUE,,CSS,CSSOM View smooth scroll API,http://dev.w3.org/csswg/cssom-view,Adds an optional argument to existing scroll APIs that specifies whether scrolling should be smooth. Also adds a CSS property for this.,Working draft or equivalent,Researching,,,,,,@5812155903377408
TRUE,,Web Components,Custom Elements,http://www.w3.org/TR/custom-elements/,Method for registering (creating) custom elements in script.,Working draft or equivalent,Researching,,,,,,@4642138092470272
TRUE,,Misc,Dart VM,http://www.dartlang.org/docs/spec/latest/dart-language-specification.html,"Dart is a new web programming language with libraries, a virtual machine, and tools. It's designed to help developers build fast, structured modern web apps. Dart compiles to JavaScript to run across the entire modern web. The VM is a Chrome feature to optimize Dart's performance.",Editor's draft,Not currently planned,,,,,,@6682831673622528
TRUE,,Device,Device Motion,http://dev.w3.org/geo/api/spec-source-orientation.html#devicemotion,Provides access to device's physical motion.,Working draft or equivalent,Shipped,,11,,,,@5556931766779904
TRUE,,Device,Device Orientation,http://dev.w3.org/geo/api/spec-source-orientation.html,Provides access to device's physical orientation,Working draft or equivalent,Shipped,,11,http://msdn.microsoft.com/en-us/library/ie/dn433240,,,@5874690627207168
TRUE,,Device,devicePixelRatio on zoom,http://dev.w3.org/csswg/cssom-view/#dom-window-devicepixelratio,Update window.devicePixelRatio on full page zoom so that it accurately portraitists the ratio between css and device pixels.,Working draft or equivalent,Shipped,,11,,,,@5269993591668736
FALSE,,Graphics,DirectWrite on Windows,,Use DirectWrite instead of GDI for text on Windows.,De-facto standard,Shipped,,9,,,,@4725550652325888
TRUE,,Graphics,DOM3 Keyboard Events,http://www.w3.org/TR/DOM-Level-3-Events/,"KeyboardEvent: keydown, keyup",Working draft or equivalent,Shipped,,9,,,,@4748790720364544
TRUE,,User input,DOM3 mouseenter & mouseleave Events,https://dvcs.w3.org/hg/pointerevents/raw-file/tip/pointerEvents.html#the-touch-action-css-property,DOM event analog of CSS :hover psuedo-selector that fires as the mouse enters and exits the bounding box of an element (including its children).,Working draft or equivalent,Shipped,,8,,,,@4889528208719872
TRUE,,DOM,DOM3 Wheel Events,https://dvcs.w3.org/hg/dom3events/raw-file/tip/html/DOM3-Events.html#events-wheelevents,Implementation of the standard DOM Level 3 WheelEvent. Currently Blink implements a non standard mousewheel event with a very similar but incompatible API.,Working draft or equivalent,Shipped,,9,http://msdn.microsoft.com/en-us/library/ie/ff974352,,,@5388191091654656
TRUE,,File APIs,Drag and Drop Directories,http://wiki.whatwg.org/wiki/DragAndDropEntries,Allows dragging and dropping entire folders using HTML5 Drag and Drop. Extends the DataTransferItem with a method to get a FileEntry/DirectoryEntry.,Working draft or equivalent,Researching,,,,,,@5733953138851840
FALSE,Travis,Misc,Encoding API,http://encoding.spec.whatwg.org/,Script API to allow encoding/decoding of strings from binary data. Common scenario: decoding a binary data file fetched via XHR into an ArrayBuffer that contains strings encoded as UTF-8.,Editor's draft,Not currently planned,,,,,,@5714368087982080
TRUE,,Multimedia,Encrypted Media Extensions,https://dvcs.w3.org/hg/html-media/raw-file/default/encrypted-media/encrypted-media.html,"Defines a common API that may be used to discover, select and interact with such systems as well as with simpler content encryption systems.",Working draft or equivalent,Prefixed,11,,http://msdn.microsoft.com/en-us/library/ie/bg182646#eme,,,@6578378068983808
TRUE,,CSS,Exclusions,http://dev.w3.org/csswg/css-exclusions/,"Define areas inline content should avoid, and how inline content should wrap around them.",Working draft or equivalent,Prefixed,10,,http://msdn.microsoft.com/en-us/library/ie/hh772711,,,@6296903092273152
TRUE,,CSS,Filters,https://dvcs.w3.org/hg/FXTF/raw-file/tip/filters/index.html,Apply (SVG-like) filter effects to arbitrary DOM elements.,Working draft or equivalent,Researching,,,,,,@5822463824887808
TRUE,,CSS,Flexbox,http://dev.w3.org/csswg/css-flexbox/,"A CSS box model optimized for user interface design. In the flex layout model, the children of a flex container can be laid out in any direction, and can ""flex"" their sizes, either growing to fill unused space or shrinking to avoid overflowing the parent.",Established standard,Shipped,10,11,http://msdn.microsoft.com/en-us/library/ie/bg124109,,,@4837301406400512
TRUE,Frank,Misc,Fullscreen API,https://dvcs.w3.org/hg/fullscreen/raw-file/tip/Overview.html,Programmatically instruct content on the page to be presented in the browser's full screen (kiosk) mode.,Working draft or equivalent,Shipped,,11,http://msdn.microsoft.com/en-us/library/ie/dn265028,,,@5259513871466496
TRUE,,Device,GamePad API,https://dvcs.w3.org/hg/gamepad/raw-file/default/gamepad.html,Gives JS access to a game controller via USB.,Working draft or equivalent,Researching,,,,,,@5118776383111168
TRUE,,CSS,Generated Content for Paged Media Module,http://dev.w3.org/csswg/css3-gcpm/,CSS properties helpful for printed publication.,Working draft or equivalent,Researching,,,,,,@5400251359821824
TRUE,,Device,Geolocation,http://www.w3.org/TR/geolocation-API/,Provides access to device's physical location,Established standard,Shipped,,9,http://msdn.microsoft.com/en-in/ie/hh410106#_HTML5_geolocation,,,@6348855016685568
TRUE,,Multimedia,getUserMedia,http://dev.w3.org/2011/webrtc/editor/getusermedia.html,Provides access to the user's local audio and video input/output devices.,Working draft or equivalent,Researching,,,,,,@6067380039974912
TRUE,,CSS,Gradients,http://dev.w3.org/csswg/css3-images/,"Gradients provide a method to, over a customizable amount of space, transition from one color to another.",Established standard,Shipped,,10,http://msdn.microsoft.com/en-us/library/ie/hh673532,,,@5785905063264256
TRUE,,CSS,Grid,http://dev.w3.org/csswg/css3-grid-layout/,"A two-dimensional grid-based layout system, optimized for user interface design.",Working draft or equivalent,Prefixed,10,,http://msdn.microsoft.com/en-us/library/ie/hh673533,,,@4589636412243968
TRUE,,Web Components,HTML Imports,https://dvcs.w3.org/hg/webcomponents/raw-file/tip/spec/imports/index.html,Import HTML documents into other HTML documents.,Working draft or equivalent,Researching,,,,,,@5144752345317376
FALSE,Ritika,Network / Connectivity,HTTP Client Hints,https://github.com/igrigorik/http-client-hints/blob/master/draft-grigorik-http-client-hints-00.txt,"Header for proactive content negotiation; just as the Accept header allowed clients to indicate what formats they prefer, Client Hints allow clients to indicate a list of device and agent specific preferences.",Editor's draft,Researching,,,,,,@5504430086553600
TRUE,,Network / Connectivity,HTTP Strict Transport Security (HSTS),http://tools.ietf.org/html/rfc6797,"Header to inform the browser to always request a given domain over SSL, reducing MITM attack surface area.",Established standard,Researching,,,,,,@4941480133132288
FALSE,Ritika,Network / Connectivity,HTTP/2 (SPDY),http://http2.github.io/http2-spec,"A fast, open protocol for transporting web content.",Working draft or equivalent,Shipped,,11,,,,@5152586365665280
TRUE,,Misc,iframe[sandbox] attribute,http://www.w3.org/html/wg/drafts/html/master/embedded-content.html#attr-iframe-sandbox,"Method of running external site pages with reduced privileges (i.e. no JavaScript) in iframes (<iframe sandbox=""allow-same-origin allow-forms"" src=""...""></iframe>)",Established standard,Shipped,,10,http://msdn.microsoft.com/en-us/library/ie/hh673561,,,@5715536319086592
TRUE,,Misc,iframe[seamless] attribute,http://www.w3.org/html/wg/drafts/html/master/embedded-content.html#attr-iframe-seamless,The seamless attribute is used to embed and <iframe> in the calling page without scrollbars or borders (e.g. seamlessly),Established standard,Not currently planned,,,,,,@6630329993396224
TRUE,,Misc,iframe[srcdoc] attribute,http://www.w3.org/html/wg/drafts/html/master/embedded-content.html#attr-iframe-srcdoc,"Gives the content of an iframe as a src context to embed (e.g. <iframe seamless srcdoc=""<b>Hello World</b>""></iframe>).",Established standard,Not currently planned,,,,,,@5222955109842944
TRUE,,User input,IME API,https://dvcs.w3.org/hg/ime-api/raw-file/default/Overview.html,Provides Web applications with scripted access to an IME (input-method editor) .,Working draft or equivalent,Shipped,11,,,,,@6366722080636928
TRUE,,Misc,IndexedDB,https://dvcs.w3.org/hg/IndexedDB/raw-file/tip/Overview.html,An asynchronous client-side storage API offering fast access to large amounts of structured data,Established standard,Shipped,,10,http://msdn.microsoft.com/en-us/library/ie/hh673548,,,@6507459568992256
TRUE,,Graphics,WebGL Instancing Extension,https://www.opengl.org/wiki/Vertex_Rendering#Instancing,a way to use the GPU to quickly draw a lot of copies of a single object – in some scenes (like a forest with a lot of trees) it is a great way to get a huge performance improvement.,Working draft or equivalent,In Development,,,,,,
FALSE,,JavaScript,Map,http://wiki.ecmascript.org/doku.php?id=harmony:specification_drafts,Map objects are simple key/value maps.,Editor's draft,Shipped,,11,http://msdn.microsoft.com/en-us/library/ie/dn263029,,,@4818609708728320
FALSE,,CSS,Masks,https://dvcs.w3.org/hg/FXTF/raw-file/tip/masking/index.html,Allows hiding of portions of a visible elements.,Working draft or equivalent,Researching,,,,,,@5381559662149632
FALSE,,DOM,matchMedia,http://dev.w3.org/csswg/cssom-view/#widl-Window-matchMedia-MediaQueryList-DOMString-query,API for testing if a given media query will apply.,Established standard,Shipped,,10,http://msdn.microsoft.com/en-us/library/ie/hh772743,,,@4677872220372992
FALSE,,Misc,MathML,http://www.w3.org/TR/MathML3/,An application of XML for describing mathematical notations and capturing both its structure and content.,Established standard,Not currently planned,,,,,,@5240822173794304
FALSE,,CSS,Media Queries: resolution feature,http://www.w3.org/TR/css3-mediaqueries/#resolution,Allows to query the device pixel count per CSS unit,Established standard,Shipped,,9,http://msdn.microsoft.com/en-in/ie/hh393506#_CSS3_Media_Queries,,,@5944509615570944
FALSE,,Multimedia,Media Source Extensions,https://dvcs.w3.org/hg/html-media/raw-file/tip/media-source/media-source.html,Allows appending data to an <audio>/<video> element.,Editor's draft,Shipped,,11,http://msdn.microsoft.com/en-us/library/ie/bg182646#mse,,,@4563797888991232
FALSE,,Multimedia,MediaRecorder,http://www.w3.org/TR/mediastream-recording/,Encode audio and video streams in the browser.,Working draft or equivalent,Researching,,,,,,@5929649028726784
FALSE,,Misc,Microdata,http://whatwg.org/html#microdata-dom-api,Microdata is used to nest semantics within existing content on web pages.,Established standard,No plans to support,,,,,,@6428569609699328
FALSE,,CSS,mix-blend-mode,http://dev.w3.org/fxtf/compositing-1/,Provides a way to blend an HTML or SVG element with its backdrop,Established standard,Researching,,,,,,@6362616360337408
FALSE,,CSS,Multi-column (full support),http://dev.w3.org/csswg/css-multicol/,Bring Blink's multicol support to a level that matches other engines' (Presto and Trident),Established standard,Shipped,,10,http://msdn.microsoft.com/en-us/library/ie/hh673534,,,@6526151266664448
FALSE,,DOM,Mutation Observers,http://dom.spec.whatwg.org/#mutation-observers,Provides notifications when DOM nodes are rearranged or modified.,Established standard,Shipped,,11,http://msdn.microsoft.com/en-us/library/ie/dn265034,,,@5021194726146048
FALSE,,Performance,Navigation Timing API,https://dvcs.w3.org/hg/webperf/raw-file/tip/specs/NavigationTiming/Overview.html,Allows web applications to access timing information related to navigation and elements.,Established standard,Shipped,,9,http://msdn.microsoft.com/en-us/library/ie/hh673552,,,@5584144679567360
FALSE,,Misc,NPAPI plug-in support,,"NPAPIÃƒÆ’Ã‚Â¯Ãƒâ€šÃ‚Â¿Ãƒâ€šÃ‚Â½s 90s-era architecture has become a leading cause of hangs, crashes, security incidents, and code complexity in Chrome. Because of this, Chrome will be phasing out NPAPI support in 2013.",Editor's draft,No plans to support,,,,,,@5316559090221056
FALSE,,Multimedia,Opus in MSE and <video>,http://wiki.xiph.org/MatroskaOpus,Ability to play the open source WebRTC preferred audio codec - Opus in MSE and <video> tags on the for the webM and matroska containers. Please note that we have had Opus support in chromium since M25. This change enables Opus playback on MSE and <video> tags.,Established standard,Researching,,,,,,@4891189287321600
FALSE,,DOM,Page Visibility API,https://dvcs.w3.org/hg/webperf/raw-file/tip/specs/PageVisibility/Overview.html,"Provides an API to ask whether the current tab is visible or not. If you, you might want to throttle back action or set an idle state.",Established standard,Shipped,,10,http://msdn.microsoft.com/library/ie/hh673553,,,@5689697795833856
FALSE,,Multimedia,Parse SVG as HTML,http://www.w3.org/TR/SVG/implnote.html#ErrorProcessing,Switch all SVG parsing to use the HTML parser.,No public standards discussion,Not currently planned,,,,,,@5630599045840896
FALSE,,User input,Pointer Events,http://www.w3.org/html/wg/drafts/html/master/forms.html#attr-fe-inputmode,The inputmode content attribute is an enumerated attribute that specifies what kind of input mechanism would be most helpful for users entering content into the form control.,Working draft or equivalent,Shipped,10,11,,,,@4504699138998272
FALSE,,Misc,Pointer Lock (Mouse Lock),https://dvcs.w3.org/hg/pointerlock/raw-file/default/index.html,"Gives access to raw mouse movement, locks the target of mouse events to a single element, eliminates limits of how far mouse movement can go in a single direction, and removes the cursor from view. Obvious use cases are for first person or real time strategy games.",Working draft or equivalent,Researching,,,,,,@6753200417800192
FALSE,,Multimedia,Portable Native Client (PNaCl),,Run C/C++ code compiled to LLVM bitcode on any web page. The code runs inside the Native Client sandbox and has access to the same capabilities as JavaScript via the Pepper APIs.,Public discussion,No plans to support,,,,,,@6193548999262208
FALSE,,CSS,position: sticky,http://lists.w3.org/Archives/Public/www-style/2012Jun/0627.html,"position: sticky is a new way to position elements and is conceptually similar to position: fixed. The difference is that a stickily positioned element behaves like position: relative within its parent, until a given offset threshold is met.",Public discussion,Researching,,,,,,@6190250464378880
FALSE,,Multimedia,postMessage,http://whatwg.org/html#dom-window-postmessage,Safely enables cross-origin communication.,Established standard,Shipped,,8,,,,@4786174115708928
FALSE,,Network / Connectivity,QUIC,https://docs.google.com/a/chromium.org/document/d/1RNHkx_VvKWyWg6Lr8SZ-saqsQx7rFV-ev2jRFUoVD34/edit,"An experimental, UDP-based QUIC transport protocol",No public standards discussion,Not currently planned,,,,,,@5338403830759424
FALSE,,Multimedia,Quota Management API,http://www.w3.org/TR/quota-api/,This API can be used to check how much quota an app/origin is using.,Working draft or equivalent,Not currently planned,,,,,,@6218562888794112
FALSE,,CSS,Regions,http://dev.w3.org/csswg/css3-regions/,Magazine-like content flow into specified regions.,Working draft or equivalent,Prefixed,10,,,,,@5655612935372800
FALSE,,Graphics,requestAnimationFrame(),https://dvcs.w3.org/hg/webperf/raw-file/default/specs/RequestAnimationFrame/Overview.html,Offload animation repainting to browser for optimized performance. You should call this method whenever you're ready to update your animation onscreen. This will request that your animation function be called before the browser performs the next repaint.,Established standard,Shipped,,10,http://msdn.microsoft.com/en-us/library/ie/hh920765,,,@5233400470306816
FALSE,,Misc,requestAutocomplete(),http://lists.whatwg.org/htdig.cgi/whatwg-whatwg.org/2012-October/037711.html,"Allows a form to be filled out on demand by the browser's autofill. Particularly for mobile applications, this solves the problem of working with long or even multi-page forms. For merchants, this results in improved conversion rates, sorely needed in mobile purchase scenarios.",Editor's draft,Not currently planned,,,,,,@5092662981951488
FALSE,,Performance,Resource Timing API,http://www.w3c-test.org/webperf/specs/ResourceTiming/,Allows web applications to access timing information related to HTML elements.,Working draft or equivalent,Shipped,,,,,,@5796350423728128
FALSE,,Misc,Sending Messages to Extensions,,Expose a Chrome-specific API to allow websites to send messages to extensions. Only exposed to websites whitelisted by an installed extension.,No public standards discussion,Not currently planned,,,,,,@4670450516885504
FALSE,,Offline / Storage,Service Worker,https://github.com/slightlyoff/ServiceWorker/,ServiceWorkers (formerly Navigation Controllers) are a new system that provides event-driven scripts that run independent of web pages. They are similar to SharedWorkers except that their lifetime is different and they have access to domain-wide events such as network fetches.,Public discussion,Researching,,,,,,@6561526227927040
FALSE,,JavaScript,Set,http://wiki.ecmascript.org/doku.php?id=harmony:specification_drafts,"Set objects let you store unique values of any type, whether primitive values or object references.",Editor's draft,Shipped,,11,http://msdn.microsoft.com/en-us/library/ie/dn263029,,,@4916191365693440
FALSE,,Web Components,Shadow DOM,https://dvcs.w3.org/hg/webcomponents/raw-file/tip/spec/shadow/index.html,"Enables DOM tree encapsulation. Without it, widgets may inadvertently break pages by using conflicting CSS selectors, class or id names, or JavaScript variables.",Working draft or equivalent,Researching,,,,,,@5479141319114752
FALSE,,Misc,SrcN,http://tabatkins.github.io/specs/respimg/Overview.html,"SrcN is a responsive images solution which addresses all 3 major use-cases within a single syntax. It addresses DPR switching (like srcset), art-direction (like picture) and viewport dimensions based switching.",Editor's draft,Not currently planned,,,,,,@4582090154704896
FALSE,,File APIs,Streams API,https://dvcs.w3.org/hg/streams-api/raw-file/tip/Overview.htm,An API for representing binary data in web applications as a Stream object.,Working draft or equivalent,Prefixed,10,,,,,@6605041225957376
FALSE,,Graphics,Subpixel font scaling,,Allow sub-css-pixel font-sizes and thus smooth font scaling.,De-facto standard,Shipped,,11,,,,@6259163214643200
FALSE,,Graphics,SVG2,https://svgwg.org/svg2-draft/single-page.html,Implement the new SVG2 features.,Working draft or equivalent,Researching,,,,,,@5760616295825408
FALSE,,Network / Connectivity,TLS 1.2,http://tools.ietf.org/html/rfc5246,"The latest version of the Transport Layer Security (TLS) protocol. Uses asymmetric cryptography to assure who is communicating, and to exchange a symmetric key. This session key is then used to encrypt data flowing between the parties. This allows for data/message confidentiality, and message authentication codes for message integrity and as a by-product message authentication.",Established standard,Shipped,,,,,,@5197666342404096
FALSE,,Multimedia,Track element,http://whatwg.org/html#the-track-element,"Add subtitles, captions, screen reader descriptions, chapters and other types of timed metadata to video and audio. Chrome currently supports the WebVTT format for track data.",Established standard,Shipped,,10,http://msdn.microsoft.com/en-us/library/ie/bg123962,,,@6719115557339136
FALSE,,CSS,Transforms,http://dev.w3.org/csswg/css3-transforms/,Enables changing the position of content in 3D space without disrupting the normal flow.,Established standard,Shipped,,9,,,,@6437640580628480
FALSE,,Performance,Typed Arrays,http://www.khronos.org/registry/typedarray/specs/latest/,"Buffers for holding binary data and working with WebGL & Audio API: ArrayBuffer, Float32Array , Int16Array, Uint8Array, etc.)",Established standard,Shipped,,10,,,,@5135818813341696
FALSE,,Multimedia,UIEvents (DOM4) Keyboard Events,https://dvcs.w3.org/hg/d4e/raw-file/tip/source_respec.htm,Identify the physical key being pressed; Query key from layout.,Editor's draft,Researching,,,,,,@5593215650496512
FALSE,,DOM,URL,http://url.spec.whatwg.org/,Expose constructible URL objects that can be manipulated and combined.,Established standard,Researching,,,,,,@5675829346435072
FALSE,,Performance,User Timing API,https://dvcs.w3.org/hg/webperf/raw-file/tip/specs/UserTiming/Overview.html,Helps web developers measure the performance of their applications by giving them access to high precision timestamps.,Working draft or equivalent,Shipped,,10,,,,@5066549580791808
FALSE,,Device,Vibration API,http://dev.w3.org/2009/dap/vibration/,This specification defines an API that provides access to the vibration mechanism of the hosting device. Vibration is a form of tactile feedback. Note this feature is only available on Android.,Working draft or equivalent,Researching,,,,,,@5698768766763008
FALSE,,Multimedia,VP9,http://tools.ietf.org/html/draft-grange-vp9-bitstream,VP9 is an open and royalty free video compression standard.,Editor's draft,Not currently planned,,,,,,@6362186595172352
FALSE,,JavaScript,WeakMap,http://wiki.ecmascript.org/doku.php?id=harmony:specification_drafts,WeakMaps are key/value maps in which keys are objects.,Editor's draft,Shipped,,11,http://msdn.microsoft.com/en-us/library/ie/dn251546,,,@4572868859920384
FALSE,,Graphics,Web Animations JavaScript API,http://www.w3.org/TR/web-animations/,A unified model for supporting animation and synchronization on the Web platform.,Working draft or equivalent,Researching,,,,,,@4854343836631040
FALSE,,Security,Web Crypto API,https://dvcs.w3.org/hg/webcrypto-api/raw-file/tip/spec/Overview.html,JavaScript bindings for cryptographic operations,Working draft or equivalent,Prefixed,11,,,,,@5030265697075200
FALSE,,Multimedia,Web MIDI API,http://webaudio.github.com/web-midi-api/,"Defines an API supporting the MIDI protocol, enabling web applications to enumerate and select MIDI input and output devices on the client system and send and receive MIDI messages.",Working draft or equivalent,Not currently planned,,,,,,@4923613069180928
FALSE,,Multimedia,Web Notifications,http://www.w3.org/TR/notifications/,An API for displaying simple notifications to the user.,Established standard,Researching,,,,,,@5064350557536256
FALSE,,Multimedia,Web Speech API (input),https://dvcs.w3.org/hg/speech-api/raw-file/tip/speechapi.html,Enables web developers to incorporate speech recognition into their web pages.,Working draft or equivalent,Researching,,,,,,@5908775487668224
FALSE,,Multimedia,Web Speech API (synthesis),https://dvcs.w3.org/hg/speech-api/raw-file/tip/speechapi.html,Enables web developers to incorporate speech synthesis into their web pages. Uses whatever the platform provides for synthesis.,Editor's draft,Researching,,,,,,@4782875580825600
FALSE,,Multimedia,Web SQL Database,http://www.w3.org/TR/webdatabase/,API exposing an SQLite database,No public standards discussion,No plans to support,,,,,,@6330987952734208
FALSE,,Multimedia,Web Storage,http://whatwg.org/html#webstorage,Refers to both localStorage and sessionStorage,Established standard,Shipped,,8,,,,@5345825534246912
FALSE,,Graphics,WebGL  (Canvas 3D),http://www.khronos.org/registry/webgl/specs/latest/,3D rendering via the <canvas> element. ,Established standard,Shipped,,11,http://msdn.microsoft.com/en-us/library/ie/bg182648,,,@6049512976023552
FALSE,,Graphics,WebP image format support,https://developers.google.com/speed/webp/docs/riff_container,WebP is an image format that provides lossless and lossy compression for images on the web. WebP lossless images are 26% smaller in size compared to PNGs; lossy is 35% smaller than JPEG.,Public discussion,Not currently planned,,,,,,@6471725441089536
FALSE,,Multimedia,WebRTC,http://dev.w3.org/2011/webrtc/editor/webrtc.html,Real-time communication in the browser.,Working draft or equivalent,Researching,,,,,,@6612462929444864
FALSE,,Network / Connectivity,WebSocket,http://dev.w3.org/html5/websockets/,The WebSocket JavaScript API provides a simple API for bi-directional communication with web servers. The WebSocket network protocol enables low overhead bi-directional communication with web servers over a persistent TCP connection.,Working draft or equivalent,Shipped,,10,,,,@6555138000945152
FALSE,,Misc,WOFF 2.0 (improved font compression),https://code.google.com/p/font-compression-reference/source/browse/brotli/brotlispec.txt,WOFF 2.0 significantly improves font compression. We are seeing average gains of 24% with peaks above 50% in particular for the larger fonts such as those typically used by CJK languages (analysis ran on the whole Google Fonts corpus). M33: switching to Brotli Compression Algorithm (instead of LZMA). M35: sent web facing change PSA prior to enabling by default.,Editor's draft,Researching,,,,,,@6718644721549312
FALSE,,Network / Connectivity,XMLHttpRequest timeout,https://dvcs.w3.org/hg/xhr/raw-file/tip/Overview.html,Exposing the XHR timeout property and sending corresponding events such as ontimeout.,Working draft or equivalent,Shipped,,10,,,,@6290890138058752
FALSE,,JavaScript,Arrow function,http://wiki.ecmascript.org/doku.php?id=harmony:specification_drafts,The arrow (=>) takes the place of the function keyword,Editor's draft,,,,,,,@5047308127305728
FALSE,,CSS,Box Alignment,http://dev.w3.org/csswg/css3-align/,CSS properties for aligning boxes within their container. Allows for true vertical centering among other features.,Working draft or equivalent,,,,,,,@6173208034148352
FALSE,,CSS,CSS filter() image function,http://www.w3.org/TR/filter-effects/#FilterCSSImageValue,The function allows filtering an CSS input image with a set of filter functions. The used filter functions are the same as for the CSS filter property. The filter() function can be animated as well.,Working draft or equivalent,,,,,,,@5425136400334848
FALSE,,JavaScript,Default parameter,http://wiki.ecmascript.org/doku.php?id=harmony:specification_drafts,Allows formal parameters to be initialized with default values if no value or 2 is passed.,Editor's draft,,,,,,,@5275456790069248
FALSE,,JavaScript,Destructuring,http://wiki.ecmascript.org/doku.php?id=harmony:specification_drafts,"Destructuring assignment allows extracting data from arrays or objects using a syntax that mirrors array and object literals.

",Editor's draft,,,,,,,@4588790303686656
FALSE,,JavaScript,Rest parameters,http://wiki.ecmascript.org/doku.php?id=harmony:specification_drafts,Allows representation of an indefinite number of arguments as an array.,Editor's draft,,,,,,,@5937087912083456
FALSE,,Device,Ambient Light Events,http://www.w3.org/TR/ambient-light/,"Implement Ambient Light Event API which is a handy way to make a web page or web app aware of any change in light intensity.
",Working draft or equivalent,,,,,,,@5298357018820608
FALSE,,Device,Battery Status API,https://dvcs.w3.org/hg/dap/raw-file/default/battery/Overview.html,Allows access to see the battery level of the device's battery,Working draft or equivalent,,,,,,,@4537134732017664
FALSE,,Realtime / Communication,Push API,https://dvcs.w3.org/hg/push/raw-file/tip/index.html,Push API,Working draft or equivalent,,,,,,,@5416033485586432
FALSE,,Security,Subresource Integrity,http://w3c.github.io/webappsec/specs/subresourceintegrity/,"Subresource Integrity defines a mechanism by which user agents may verify that a fetched resource has been delivered without unexpected manipulation. In a nutshell, metadata inlined into HTML elements allows the browser to determine whether the resource that was downloaded matches the resource the page's author expected to download.",Working draft or equivalent,,,,,,,@6183089948590080
FALSE,,Device,canvasResolution,http://www.whatwg.org/specs/web-apps/current-work/multipage/the-canvas-element.html#dom-screen-canvasresolution,Provide css to device pixel ratio through window.screen.canvasResolution,Working draft or equivalent,,,,,,,@6015428115562496
FALSE,,CSS,Blending of elements - obsolete entry,https://dvcs.w3.org/hg/FXTF/rawfile/tip/compositing/index.html,Offers more ways to combine HTML elements.,Working draft or equivalent,,,,,,,@6736157987569664
FALSE,,CSS,CSS Intrinsic Sizing,http://dev.w3.org/csswg/css3-sizing/,"Extends the CSS sizing properties with keywords that represent content-based ""intrinsic"" sizes and context-based ""extrinsic"" sizes, allowing CSS to more easily describe boxes that fit their content or fit into a particular layout context.",Working draft or equivalent,,,,,,,@5901353784180736
FALSE,,CSS,CSS font-stretch,http://dev.w3.org/csswg/css-fonts/#propdef-font-stretch,Add support the the CSS font-stretch property.,Working draft or equivalent,,,,,,,@4598830058176512
FALSE,,Graphics,Canvas2D text decoration,,"Add a textDecoration attribute to canvas 2D contexts, behavior similar to existing ""font"" attribute: It's a DOMString, parsed the same way as corresponding CSS property (text-decoration).",Public discussion,,,,,,,@5663034638860288
FALSE,,File APIs,File constructor,http://dev.w3.org/2006/webapi/FileAPI/#file,"A programmatic method of constructing File objects, very similar to how Blob objects are built.",Editor's draft,,,,,,,@5731244088229888
FALSE,,JavaScript,JS iterators (i.e. the for-of feature),http://wiki.ecmascript.org/doku.php?id=harmony:specification_drafts,"Iterates over iterable objects (including arrays, array-like objects, iterators and generators), invoking a custom iteration hook with statements to be executed for the value of each distinct property.",Editor's draft,,,,,,,@4696563918045184
FALSE,,Performance,Navigation Error Logging,https://dvcs.w3.org/hg/webperf/raw-file/tip/specs/NavigationErrorLogging/Overview.html,"This specification defines an interface to store and retrieve error data related to the previous navigations of a document.
",Editor's draft,,,,,,,@5391249376804864
FALSE,,CSS,Shapes,http://dev.w3.org/csswg/css-shapes/,Define arbitrary shapes inside and around which inline content can flow.,Working draft or equivalent,,,,,,,@5163890719588352
FALSE,,JavaScript,Symbols aka private names,http://wiki.ecmascript.org/doku.php?id=strawman:private_names,"Allows properties to be added to existing objects without the possibility of interference with the existing properties, unintended visibility, or with other uncoordinated additions by any other code.",Editor's draft,,,,,,,@6042091272536064
FALSE,,Graphics,WebGL Shared Resources,http://www.khronos.org/registry/webgl/extensions/WEBGL_shared_resources/,Allow sharing resources between 2 or more WebGL contexts,Established standard,,,,,,,@5486563022602240
FALSE,,Multimedia,WebVTT Regions,http://dev.w3.org/html5/webvtt/,"The WebVTT regions functionality has been recently added to the WebVTT specification. The feature consists of the following web-exposed changes:
*) Public API for creating region objects from script.
*) Advanced positioning and display functionality for subtitles and captions such that FCC requirements are fulfilled.
*) Additional CSS pseudo-element for styling regions.",Editor's draft,,,,,,,@4993513661923328
FALSE,,DOM,beforescriptexecute and afterscriptexecute events,http://www.w3.org/html/wg/drafts/html/master/scripting-1.html#execute-the-script-block,The beforescriptexecute and afterscriptexecute events allows web pages and extension developers to monitor the insertion of <script> tags in a web page and prevent the script from executing.,Established standard,,,,,,,@5711871906676736
FALSE,,User input,inputmode,http://www.w3.org/html/wg/drafts/html/master/forms.html#attr-fe-inputmode,The inputmode content attribute is an enumerated attribute that specifies what kind of input mechanism would be most helpful for users entering content into the form control.,Editor's draft,,,,,,,@6225984592281600
FALSE,,CSS,overflow-anchor,http://lists.w3.org/Archives/Public/www-style/2012Jun/0347.html,Stick the visible view of an element to the bottom/top even as new content expands its size.,Public discussion,,,,,,,@5865619656278016
FALSE,,CSS,CSS Font Loading,http://dev.w3.org/csswg/css-font-load-events-3/#fontloader-interface,A feature that enables applications to know if a web font is really loaded.,Editor's draft,,,,,,,@6244676289953792
FALSE,,JavaScript,Object.observe(),http://wiki.ecmascript.org/doku.php?id=harmony:observe,Observe changes to JS objects.,Working draft or equivalent,,,,,,,@6147094632988672
FALSE,,Web Components,Unprefixed Shadow DOM,http://dvcs.w3.org/hg/webcomponents/raw-file/tip/spec/shadow/index.html,"Shadow DOM was enabled in M25 but the spec has gone through quite a few changes since then. This entry is for tracking these changes.

About Shadow DOM: enables DOM tree encapsulation. Without it, widgets may inadvertently break pages by using conflicting CSS selectors, class or id names, or JavaScript variables.

",Working draft or equivalent,,,,,,,@4507242028072960
FALSE,,Multimedia,Unprefixed Web Audio API,https://dvcs.w3.org/hg/audio/raw-file/tip/webaudio/specification.html,A high-level JavaScript API for processing and synthesizing audio in web applications,Working draft or equivalent,,,,,,,@6261718720184320
FALSE,,CSS,font-variant-ligatures,http://www.w3.org/TR/css-fonts-3/,A CSS property to control ligatures in text.,Established standard,,,,,,,@5678497057996800
FALSE,,Multimedia,VTTCue,http://dev.w3.org/html5/webvtt/#vttcue-interface,"The VTTCue interface, part of WebVTT. Previously the members of VTTCue were on the TextTrackCue interface and there was a TextTrackCue constructor, now the VTTCue constructor must be used instead.",Editor's draft,,,,,,,@5818821692620800
FALSE,,CSS,font-kerning,http://www.w3.org/TR/css-fonts-3/,A CSS property to control text kerning.,Established standard,,,,,,,@4889527134978048
FALSE,,JavaScript,ES6 Promises,https://github.com/domenic/promises-unwrapping,Support for Promises in Blink. JavaScript version is still under development. Eventually V8 team will implement this and the code will be removed from Blink (transparently to web authors). More info: https://docs.google.com/a/chromium.org/presentation/d/1Gt9rYxmwdOsIu6lYgXLZeACNjMkxtqREAis4r-SoBzc/edit#slide=id.g48274ca9_096,Editor's draft,,,,,,,@5681726336532480
FALSE,,CSS,object-fit and object-position,http://dev.w3.org/csswg/css-images-3/#the-object-fit,CSS properties that control the position and size of replaced content within the content box,Established standard,,,,,,,@5302669702856704
FALSE,,CSS,Proprietary marquee value,,overflow: -webkit-marquee,Public discussion,,,,,,,@5067649092419584
FALSE,,CSS,Conditional Rules,http://dev.w3.org/csswg/css-conditional/,"Support for the @supports at-rule and the ""window.DOM.supports()"" API",Established standard,,,,,,,@4993981813358592
FALSE,,JavaScript,Generators,http://wiki.ecmascript.org/doku.php?id=harmony:specification_drafts,A generator is a special type of function that works as a factory for iterators.,Editor's draft,,,,,,,@4959347197083648
FALSE,,Misc,<dialog> Element,http://whatwg.org/html#the-dialog-element,An HTML element for a dialog box,Working draft or equivalent,,,,,,,@5770237022568448
FALSE,,CSS,Custom filters (shaders),https://dvcs.w3.org/hg/FXTF/raw-file/tip/filters/index.html#custom-filter,Apply OpenGL shaders to arbitrary DOM elements.,Working draft or equivalent,,,,,,,@5838406743490560
FALSE,,Performance,performance.now(),https://dvcs.w3.org/hg/webperf/raw-file/tip/specs/HighResolutionTime/Overview.html,"Enables reliable, high-resolution timing of client-side performance.",Established standard,,,,,,,@5349124069130240
FALSE,,Security,Meta Referrer,http://wiki.whatwg.org/wiki/Meta_referrer,"Using the referrer metadata attribute, a document can control the behavior of the Referer HTTP header attached to requests that originate from the document.",Editor's draft,,,,,,,@5126747842412544
FALSE,,CSS,Scoped Styles,http://whatwg.org/html#attr-style-scoped,"Boolean attribute for the <style> element (<style scoped>). When present, its styles only apply to the parent element.",Working draft or equivalent,,,,,,,@5374137958662144
FALSE,,JavaScript,Proxies,http://wiki.ecmascript.org/doku.php?id=harmony:specification_drafts,Proxies are objects for which the programmer has to define the semantics in JavaScript. ,Editor's draft,,,,,,,@4811188005240832
FALSE,,User input,Touch Events,http://www.w3.org/TR/touch-events/,"Touchscreen input API, originally introduced by Apple on iOS",Established standard,,,,,,,@6156165603917824
FALSE,,File APIs,File System API,http://dev.w3.org/2009/dap/file-system/file-dir-sys.html,"With the FileSystem API, a web app can create, read, navigate, and write to a sandboxed section of the user's local file system.",Working draft or equivalent,,,,,,,@5452478162141184
FALSE,,JavaScript,Runtime error reporting: ErrorEvent.,http://www.whatwg.org/specs/web-apps/current-work/multipage/webappapis.html#runtime-script-errors,Unhandled exceptions trigger the 'window.onerror' callback (or 'self.onerror' inside Workers) for centralized handling.,Established standard,,,,,,,@6416612420747264
FALSE,,File APIs,FileWriter,http://dev.w3.org/2009/dap/file-system/file-writer.html,Synchronous API added in Chrome 9 for Workers,Working draft or equivalent,,,,,,,@5963201313243136
FALSE,,File APIs,FileReader,http://dev.w3.org/2006/webapi/FileAPI/#dfn-filereader,"The FileReader object lets web applications asynchronously read the contents of files (or raw data buffers) stored on the user's computer, using File or Blob objects to specify the file or data to read.",Working draft or equivalent,,,,,,,@5171003185430528
FALSE,,DOM,EventSource,http://whatwg.org/html#server-sent-events,"Also called Server-sent Events, these are push notifications from the server received as DOM events.",Established standard,,,,,,,@5311740673785856
FALSE,,CSS,Proprietary CSS reflections,,#NAME?,Public discussion,,,,,,,@5627300510957568
FALSE,,CSS,Proprietary mask properties,,-webkit-mask-* (-webkit-mask-clip),Public discussion,,,,,,,@6500037865504768
FALSE,,Realtime / Communication,Message Channels,http://whatwg.org/html#message-channels,"A messaging system that allows documents to communicate with each other regardless of their source domain, in a way designed to not enable cross-site scripting attacks.",Established standard,,,,,,,@6710044586409984
FALSE,,CSS,CSS 'text' properties,http://www.w3.org/TR/css3-text/,"CSS properties used for manipulating text (decoration, line breaking, processing model, ...)",Working draft or equivalent,,,,,,,@4775453877338112
FALSE,,CSS,Lazy layout,,Support a system for doing lazy layout based on what elements are visible in the viewport.,No public standards discussion,,,,,,,@5803772127215616
